Feature,Class,Probability,MeanBeta
BA1,0,0.683,0.2996995847706488
BA1,1,0.66,0.2899077389921443
BA1,2,0.66,0.28133216561607727
BA1,3,0.662,0.2855171203377996
BA1,4,0.682,0.2967044336199429
BA1,5,0.656,0.2672345761440343
BA1,6,0.657,0.26771365735134983
BA1,7,0.657,0.25228268511095525
BA1,8,0.644,0.2349219112146546
BA2,0,0.676,0.2996545431173397
BA2,1,0.671,0.2779539454865229
BA2,2,0.693,0.33183662345263254
BA2,3,0.677,0.31765323020497466
BA2,4,0.661,0.2676221623965638
BA2,5,0.659,0.2645672922117781
BA2,6,0.673,0.27657301821419233
BA2,7,0.646,0.25080572105747057
BA2,8,0.687,0.3042212243247182
BA3,0,0.691,0.3286164070736532
BA3,1,0.689,0.3324373908000293
BA3,2,0.655,0.2553503013818003
BA3,3,0.636,0.23785413026092936
BA3,4,0.671,0.26796274467858
BA3,5,0.718,0.3182591693681255
BA3,6,0.689,0.3054350185446252
BA3,7,0.655,0.2584179159435401
BA3,8,0.631,0.20679594773132937
BA5,0,0.261,-0.4040738343355321
BA5,1,0.507,0.0037271806435417707
BA5,2,0.685,0.3043447128471211
BA5,3,0.382,-0.2104777530513282
BA5,4,0.917,0.8940730495137245
BA5,5,0.756,0.4333544673194278
BA5,6,0.335,-0.25703235339714287
BA5,7,0.171,-0.6206478287104148
BA5,8,0.858,0.6804415405569005
BA8,0,0.681,0.31918992542918023
BA8,1,0.641,0.27168043238453704
BA8,2,0.694,0.32509178353924484
BA8,3,0.683,0.3069555330308545
BA8,4,0.659,0.26963754092068803
BA8,5,0.66,0.25088095728985804
BA8,6,0.65,0.2437893456390463
BA8,7,0.663,0.2533353443362054
BA8,8,0.64,0.24394059749519365
BA16,0,0.663,0.27301631332815635
BA16,1,0.705,0.2941619296867784
BA16,2,0.657,0.27500368507731826
BA16,3,0.669,0.28113075420208866
BA16,4,0.679,0.2893234467537867
BA16,5,0.666,0.27717969297499456
BA16,6,0.664,0.2772069011671779
BA16,7,0.627,0.2150689379414666
BA16,8,0.661,0.27038256473808236
BA17,0,0.648,0.2681488050436377
BA17,1,0.68,0.30514085980083955
BA17,2,0.649,0.2622751290830153
BA17,3,0.685,0.32086910941045216
BA17,4,0.665,0.2733262846373157
BA17,5,0.67,0.265233157322518
BA17,6,0.654,0.2575220762829202
BA17,7,0.631,0.21931730144645226
BA17,8,0.666,0.30187950882646913
BA22,0,0.395,-0.14866718939620788
BA22,1,0.267,-0.40073503174441755
BA22,2,0.58,0.14434534970857224
BA22,3,0.734,0.41135921251534524
BA22,4,0.713,0.3795351150874526
BA22,5,0.362,-0.20694123171430692
BA22,6,0.812,0.5989110005104186
BA22,7,0.361,-0.24048328046791423
BA22,8,0.887,0.7568159962381461
BA24,0,0.626,0.22511721232269052
BA24,1,0.674,0.3025660756569999
BA24,2,0.626,0.2350176676638885
BA24,3,0.658,0.24390362783299124
BA24,4,0.659,0.25582356595241235
BA24,5,0.699,0.32250392665863187
BA24,6,0.69,0.33140441905279294
BA24,7,0.666,0.28743266660018546
BA24,8,0.656,0.25314354272908535
BA25,0,0.424,-0.08564906135634506
BA25,1,0.459,-0.04302421692181065
BA25,2,0.431,-0.13404228064466078
BA25,3,0.426,-0.09325815803062062
BA25,4,0.45,-0.06807246526161259
BA25,5,0.486,-0.0011004646195909922
BA25,6,0.456,-0.04476342041968891
BA25,7,0.498,4.089574609909608e-06
BA25,8,0.828,0.5116996567957203
BA29,0,0.651,0.2647002190369802
BA29,1,0.542,0.07262616077130962
BA29,2,0.703,0.3253280702042453
BA29,3,0.82,0.5697833550402844
BA29,4,0.588,0.14538010706882432
BA29,5,0.455,-0.061501855784619336
BA29,6,0.549,0.07422772356654342
BA29,7,0.496,0.0013225516464824454
BA29,8,0.765,0.43925840018298357
BA30,0,0.662,0.29501335188975386
BA30,1,0.655,0.2655856294211149
BA30,2,0.666,0.2698316051964538
BA30,3,0.672,0.27562343882675344
BA30,4,0.658,0.2573382167939648
BA30,5,0.654,0.24232106889270139
BA30,6,0.657,0.2745166089182268
BA30,7,0.665,0.2633443284552041
BA30,8,0.668,0.2605577490787179
BA33,0,0.478,-0.0344998899610321
BA33,1,0.515,0.04697146522462729
BA33,2,0.591,0.14207259912200135
BA33,3,0.473,-0.027543344454548268
BA33,4,0.57,0.11478212156877819
BA33,5,0.683,0.289444745955817
BA33,6,0.485,-0.03687069989607816
BA33,7,0.262,-0.38125875663307146
BA33,8,0.92,0.9240595452536928
BA34,0,0.663,0.28110452012068193
BA34,1,0.708,0.3359338705634532
BA34,2,0.624,0.22073050262389127
BA34,3,0.629,0.210789881890232
BA34,4,0.617,0.19588491703630512
BA34,5,0.702,0.32392914712997356
BA34,6,0.668,0.2565423779465924
BA34,7,0.684,0.2855360955949854
BA34,8,0.659,0.2810358164922438
BA37,0,0.66,0.2976576186403558
BA37,1,0.663,0.27854205168213375
BA37,2,0.674,0.27518440982394443
BA37,3,0.678,0.28880002369712676
BA37,4,0.665,0.2717887150752898
BA37,5,0.642,0.26776045818033606
BA37,6,0.649,0.232466052664536
BA37,7,0.639,0.20911210092826582
BA37,8,0.652,0.2507634747442564
BA41,0,0.651,0.2591501599242871
BA41,1,0.653,0.2638011872899424
BA41,2,0.686,0.3092166834524892
BA41,3,0.671,0.26763404992804596
BA41,4,0.676,0.2700898746055925
BA41,5,0.67,0.28553151593331766
BA41,6,0.682,0.28904050768760026
BA41,7,0.646,0.2551100232869281
BA41,8,0.67,0.2832637064139025
BA51,0,0.663,0.2693471723797966
BA51,1,0.689,0.30768310304423263
BA51,2,0.671,0.31220923512629156
BA51,3,0.684,0.3246070003856182
BA51,4,0.654,0.24706341939366386
BA51,5,0.664,0.28013579397774846
BA51,6,0.625,0.21885056873890904
BA51,7,0.666,0.2584723299621895
BA51,8,0.706,0.2984709437922168
BA59,0,0.435,-0.0858767882115878
BA59,1,0.46,-0.06489088735395067
BA59,2,0.434,-0.11009464892397437
BA59,3,0.422,-0.09304129276488497
BA59,4,0.433,-0.09137575133567115
BA59,5,0.474,-0.04710371527758627
BA59,6,0.496,-0.007128332574512467
BA59,7,0.484,-0.021898626193294933
BA59,8,0.794,0.489099898884411
BA62,0,0.651,0.22623943137996286
BA62,1,0.701,0.347925655034059
BA62,2,0.698,0.31587804457507224
BA62,3,0.698,0.31121861673505513
BA62,4,0.55,0.1078348817617724
BA62,5,0.672,0.28399782315298033
BA62,6,0.704,0.3678853418563693
BA62,7,0.668,0.28561082613308586
BA62,8,0.655,0.24746554653747507
BA63,0,0.688,0.3269040765110471
BA63,1,0.694,0.297814429156891
BA63,2,0.648,0.2668353036075124
BA63,3,0.642,0.25174892443990193
BA63,4,0.651,0.2502821087119663
BA63,5,0.678,0.2712924501966133
BA63,6,0.664,0.26191590075468585
BA63,7,0.666,0.2942428910158471
BA63,8,0.655,0.2639873009446824
BA65,0,0.673,0.2894928233147337
BA65,1,0.664,0.2770118092661739
BA65,2,0.659,0.26229981584771783
BA65,3,0.676,0.3000327554826376
BA65,4,0.656,0.2870601863180419
BA65,5,0.665,0.266185258467765
BA65,6,0.636,0.22288389463003697
BA65,7,0.639,0.20855122833201828
BA65,8,0.65,0.23823530519151992
BA70,0,0.598,0.1739717521228484
BA70,1,0.715,0.3522247320196757
BA70,2,0.795,0.5471750508063034
BA70,3,0.642,0.21362122528300448
BA70,4,0.599,0.17571678810098437
BA70,5,0.665,0.2722646679848581
BA70,6,0.676,0.2951595772908473
BA70,7,0.634,0.21997950944055414
BA70,8,0.606,0.18692619693953016
BA74,0,0.425,-0.12782648191361112
BA74,1,0.419,-0.09603218557004764
BA74,2,0.369,-0.18578910260866643
BA74,3,0.879,0.6603135104905351
BA74,4,0.432,-0.0842256178452088
BA74,5,0.446,-0.08704358873395403
BA74,6,0.464,-0.053760072050223956
BA74,7,0.459,-0.06066712704316811
BA74,8,0.558,0.07706304817965572
BA77,0,0.698,0.29824814012427775
BA77,1,0.673,0.29957181551753675
BA77,2,0.656,0.28011927790260854
BA77,3,0.672,0.28804668917381177
BA77,4,0.65,0.25108032731273083
BA77,5,0.632,0.2411507913190765
BA77,6,0.654,0.28468692643903876
BA77,7,0.656,0.2708672499623671
BA77,8,0.666,0.22994930857333656
BA81,0,0.694,0.32783588000932357
BA81,1,0.674,0.2905230537280392
BA81,2,0.666,0.26483430901053234
BA81,3,0.688,0.3051248296353075
BA81,4,0.64,0.2388137227769698
BA81,5,0.663,0.28167893383846304
BA81,6,0.656,0.2528211975640055
BA81,7,0.661,0.2658991076442324
BA81,8,0.674,0.29004831641695417
BA84,0,0.679,0.2686558011198957
BA84,1,0.687,0.2906551071049437
BA84,2,0.672,0.29243649461739896
BA84,3,0.647,0.258012551723587
BA84,4,0.677,0.281472106607889
BA84,5,0.669,0.2889000088643135
BA84,6,0.655,0.24024720081848008
BA84,7,0.666,0.23566958551071238
BA84,8,0.641,0.26587925465238293
BA99,0,0.307,-0.27724526066717364
BA99,1,0.569,0.11302948941587496
BA99,2,0.673,0.24573184905888062
BA99,3,0.592,0.13141702130421598
BA99,4,0.861,0.6720585165993161
BA99,5,0.676,0.2940783305819396
BA99,6,0.353,-0.23050322246492372
BA99,7,0.39,-0.17363879755130887
BA99,8,0.647,0.22341166037253316
BA105,0,0.515,0.028847817417173963
BA105,1,0.486,-0.035463037177858266
BA105,2,0.214,-0.5137407927897677
BA105,3,0.45,-0.08190491960966895
BA105,4,0.646,0.2567806292936175
BA105,5,0.45,-0.06839472831768481
BA105,6,0.288,-0.3462203788794051
BA105,7,0.37,-0.17588695996195708
BA105,8,0.942,0.9882555954247031
BA108,0,0.491,-0.002742411036103835
BA108,1,0.473,-0.039242205194114844
BA108,2,0.433,-0.10188679211569061
BA108,3,0.451,-0.06312141381839856
BA108,4,0.445,-0.06617611320650542
BA108,5,0.485,-0.02087305229326561
BA108,6,0.497,-0.008078221718228386
BA108,7,0.483,-0.024480303244554934
BA108,8,0.677,0.27834115300906065
BA111,0,0.597,0.15166319751415008
BA111,1,0.719,0.3626742054393052
BA111,2,0.723,0.3678015687285423
BA111,3,0.611,0.19678943351240413
BA111,4,0.641,0.24206332009488535
BA111,5,0.679,0.3211688846559686
BA111,6,0.668,0.3092065266153376
BA111,7,0.674,0.28589910972874377
BA111,8,0.654,0.25602073843303186
BA115,0,0.484,0.017020506475021017
BA115,1,0.48,-0.033027129547963566
BA115,2,0.464,-0.0514975400592296
BA115,3,0.47,-0.05002977729062605
BA115,4,0.466,-0.046841717631425285
BA115,5,0.467,-0.03701646790473716
BA115,6,0.514,0.021681475821024584
BA115,7,0.497,-0.0004947259822553013
BA115,8,0.66,0.2366980100959274
BA116,0,0.625,0.19964144127766253
BA116,1,0.47,-0.0426405546731157
BA116,2,0.617,0.18209802446008483
BA116,3,0.471,-0.040929075011749985
BA116,4,0.465,-0.04002050559954083
BA116,5,0.494,0.014272860293269945
BA116,6,0.485,-0.022389739300402813
BA116,7,0.46,-0.018368322665234492
BA116,8,0.461,-0.07397157670782918
BA121,0,0.68,0.31920075974992507
BA121,1,0.686,0.313983432784815
BA121,2,0.647,0.24513541200916006
BA121,3,0.633,0.22860320848857238
BA121,4,0.677,0.28115580655888117
BA121,5,0.652,0.2670663316084355
BA121,6,0.7,0.3368500040529143
BA121,7,0.654,0.2478284256034231
BA121,8,0.673,0.29222123588687543
BA122,0,0.686,0.28273554647794097
BA122,1,0.683,0.3229297670937392
BA122,2,0.675,0.291183658150289
BA122,3,0.726,0.36224498406719513
BA122,4,0.533,0.04582860574152584
BA122,5,0.586,0.14495664666025174
BA122,6,0.674,0.304899586481448
BA122,7,0.688,0.31557212929698497
BA122,8,0.672,0.28887477892415664
BA123,0,0.41,-0.1331624415595522
BA123,1,0.31,-0.2658847612964126
BA123,2,0.587,0.1380652665374227
BA123,3,0.23,-0.46243925311315687
BA123,4,0.282,-0.34334491242414744
BA123,5,0.363,-0.19294629179204645
BA123,6,0.404,-0.13590178138757503
BA123,7,0.414,-0.11527114406468802
BA123,8,0.92,0.9134924262806474
BA126,0,0.671,0.2874210060488134
BA126,1,0.679,0.28851532106249667
BA126,2,0.651,0.281723275204956
BA126,3,0.666,0.2795295487146565
BA126,4,0.688,0.3006414286398467
BA126,5,0.666,0.2738043741514059
BA126,6,0.664,0.2835279407743673
BA126,7,0.66,0.2580805325686899
BA126,8,0.677,0.28680975961281835
BA127,0,0.644,0.26215516136803796
BA127,1,0.669,0.2671829456862079
BA127,2,0.669,0.2874925323955759
BA127,3,0.667,0.26810607330974773
BA127,4,0.679,0.2851574898750482
BA127,5,0.659,0.27232260825476834
BA127,6,0.655,0.23693028707361893
BA127,7,0.661,0.23901872960737272
BA127,8,0.677,0.26752044538174474
BA128,0,0.51,0.01446482129115773
BA128,1,0.521,0.013821697976461015
BA128,2,0.481,-0.036846343229459635
BA128,3,0.5,-0.007355659788372337
BA128,4,0.484,-0.01719632089004625
BA128,5,0.485,-0.007062291227356706
BA128,6,0.482,-0.014020982981987541
BA128,7,0.5,-0.0023829857730965024
BA128,8,0.544,0.06110031062087333
BA129,0,0.242,-0.43241419209764925
BA129,1,0.196,-0.506942752131101
BA129,2,0.91,0.8579575239974818
BA129,3,0.615,0.1713428433076125
BA129,4,0.663,0.280204856523186
BA129,5,0.268,-0.3850598096590488
BA129,6,0.272,-0.3392429788607065
BA129,7,0.33,-0.2478654813402411
BA129,8,0.773,0.4514321213566295
BA130,0,0.676,0.28582625597331224
BA130,1,0.647,0.2474594623170424
BA130,2,0.694,0.30480587421252775
BA130,3,0.706,0.2891717307716112
BA130,4,0.679,0.319518005873043
BA130,5,0.689,0.27620024585341496
BA130,6,0.678,0.281724382214845
BA130,7,0.631,0.24107694026439763
BA130,8,0.627,0.22194902296877866
BA139,0,0.468,-0.03349146830429282
BA139,1,0.709,0.3534585521747863
BA139,2,0.678,0.27964491868377034
BA139,3,0.144,-0.6654062277580081
BA139,4,0.808,0.538872988164975
BA139,5,0.697,0.3292591858668697
BA139,6,0.232,-0.47821093678219867
BA139,7,0.231,-0.45327826417956624
BA139,8,0.9,0.7886867803389523
BA142,0,0.297,-0.35959132728400034
BA142,1,0.543,0.05425526053707324
BA142,2,0.612,0.18618365973866047
BA142,3,0.797,0.4993659140531103
BA142,4,0.635,0.22172158658384716
BA142,5,0.457,-0.09148957950583148
BA142,6,0.285,-0.36289803134846377
BA142,7,0.232,-0.4437309581214485
BA142,8,0.914,0.8568077629802122
BA143,0,0.771,0.47722450147346
BA143,1,0.689,0.25999449954285087
BA143,2,0.623,0.20861930232325931
BA143,3,0.678,0.29472900695467014
BA143,4,0.703,0.33638643839791366
BA143,5,0.698,0.31865436596639235
BA143,6,0.47,-0.055969199282631124
BA143,7,0.575,0.13370073383768077
BA143,8,0.676,0.2636288918298042
BA146,0,0.432,-0.09943589942698652
BA146,1,0.466,-0.04530919957432145
BA146,2,0.401,-0.14680340151215013
BA146,3,0.435,-0.09743727927374751
BA146,4,0.438,-0.0758006353284659
BA146,5,0.488,-0.011089061468659112
BA146,6,0.509,0.008767660247113437
BA146,7,0.487,-0.008227004519498643
BA146,8,0.774,0.4667918707593366
BA148,0,0.438,-0.07082295314014896
BA148,1,0.475,-0.033192511977772246
BA148,2,0.434,-0.10026906565653232
BA148,3,0.448,-0.06835753142545857
BA148,4,0.437,-0.09141388664434459
BA148,5,0.44,-0.0748148432443532
BA148,6,0.486,-0.022512743545831587
BA148,7,0.528,0.03933044170991224
BA148,8,0.808,0.48169424051859416
BA150,0,0.684,0.2926301762288314
BA150,1,0.671,0.2692204873737094
BA150,2,0.671,0.2836182471578067
BA150,3,0.659,0.2575589213512614
BA150,4,0.681,0.28647188424658543
BA150,5,0.672,0.2598871726766185
BA150,6,0.667,0.273867895040221
BA150,7,0.671,0.27012204778275994
BA150,8,0.659,0.27209989602192625
BA151,0,0.458,-0.08306488129966337
BA151,1,0.455,-0.04582177368614306
BA151,2,0.451,-0.05817006639456916
BA151,3,0.463,-0.03785428594849919
BA151,4,0.452,-0.0729180936040759
BA151,5,0.492,-0.022799654335929467
BA151,6,0.49,-0.035815097278443765
BA151,7,0.506,-0.012301485146482547
BA151,8,0.692,0.25620580593233006
BA152,0,0.501,-0.003224071958438545
BA152,1,0.472,-0.030367058685875217
BA152,2,0.493,-0.005279682473533892
BA152,3,0.458,-0.06765710114686643
BA152,4,0.469,-0.0420042621956856
BA152,5,0.5,-0.0045042635642720905
BA152,6,0.517,0.024906251093162655
BA152,7,0.482,-0.034342119120936626
BA152,8,0.621,0.1567767688465743
BA153,0,0.654,0.26512612826772075
BA153,1,0.656,0.2565131135862255
BA153,2,0.663,0.2658716087013451
BA153,3,0.694,0.30391998369035167
BA153,4,0.645,0.26038243652602056
BA153,5,0.681,0.2848331134378807
BA153,6,0.659,0.2575750014886757
BA153,7,0.657,0.2602053901528975
BA153,8,0.684,0.2809113212519601
BA154,0,0.679,0.3063515597038362
BA154,1,0.672,0.2622629033403038
BA154,2,0.68,0.2853599444042172
BA154,3,0.684,0.30687593071869607
BA154,4,0.658,0.2555159977123531
BA154,5,0.666,0.25422403911698227
BA154,6,0.644,0.2523955577142293
BA154,7,0.646,0.2373664722178094
BA154,8,0.67,0.2807319707102015
BA157,0,0.686,0.2981233885342292
BA157,1,0.706,0.33490743826527597
BA157,2,0.666,0.28384101810473844
BA157,3,0.685,0.28696016091708626
BA157,4,0.678,0.26964869295309335
BA157,5,0.656,0.27816164398977355
BA157,6,0.651,0.23533293921376017
BA157,7,0.634,0.25445668397141136
BA157,8,0.664,0.24882069175378513
BA162,0,0.266,-0.37674243558428766
BA162,1,0.28,-0.32941361876051106
BA162,2,0.802,0.5308958221968437
BA162,3,0.705,0.3385628226285511
BA162,4,0.719,0.3648141734737574
BA162,5,0.457,-0.09346878261121004
BA162,6,0.515,0.017783035746945824
BA162,7,0.228,-0.4496912380874184
BA162,8,0.847,0.6402074295268282
BA164,0,0.656,0.27215148916740706
BA164,1,0.683,0.3048530052702433
BA164,2,0.681,0.29938235601035923
BA164,3,0.68,0.2748518801792259
BA164,4,0.654,0.27160856153429996
BA164,5,0.681,0.26920694005162277
BA164,6,0.655,0.26326268231140415
BA164,7,0.633,0.24185915160402632
BA164,8,0.665,0.27864740690073875
BA165,0,0.661,0.2718168964265568
BA165,1,0.672,0.3035725257722599
BA165,2,0.649,0.2526376160657721
BA165,3,0.635,0.23002528673145478
BA165,4,0.69,0.2937111078196435
BA165,5,0.664,0.27900265496071874
BA165,6,0.674,0.2636007323085155
BA165,7,0.693,0.2969505355900622
BA165,8,0.653,0.25878713327435404
BA172,0,0.508,0.01299208974301526
BA172,1,0.525,0.016333564786699097
BA172,2,0.513,0.014047674177823623
BA172,3,0.472,-0.02175135689960248
BA172,4,0.472,-0.03677346291054681
BA172,5,0.488,-0.016426715128602356
BA172,6,0.493,-0.01214646984885025
BA172,7,0.485,-0.015555147523153606
BA172,8,0.544,0.034570288690780805
BA180,0,0.663,0.2831502082726502
BA180,1,0.655,0.28782802246711214
BA180,2,0.69,0.29441317919095783
BA180,3,0.69,0.3203629923004426
BA180,4,0.655,0.2831840491849019
BA180,5,0.662,0.28468389284118517
BA180,6,0.673,0.2791130049177111
BA180,7,0.662,0.2815162299004787
BA180,8,0.666,0.27661280951658307
BA185,0,0.447,-0.0684665088622662
BA185,1,0.465,-0.05206930327840413
BA185,2,0.424,-0.08231962062919705
BA185,3,0.402,-0.14783175507316154
BA185,4,0.424,-0.08123605518758421
BA185,5,0.47,-0.05442530988445203
BA185,6,0.494,0.0013255129638609633
BA185,7,0.47,-0.04236375359339261
BA185,8,0.799,0.49545598334287116
BA190,0,0.253,-0.46563080006390556
BA190,1,0.18,-0.5590219368947148
BA190,2,0.678,0.27758114167227654
BA190,3,0.297,-0.32176047722685375
BA190,4,0.577,0.08029491129414679
BA190,5,0.376,-0.19625988518917312
BA190,6,0.296,-0.347095733913128
BA190,7,0.279,-0.3433160716382127
BA190,8,0.956,1.085504183171885
BA191,0,0.686,0.32207390088509547
BA191,1,0.67,0.26099108543837285
BA191,2,0.66,0.27193783040507474
BA191,3,0.667,0.26130480812722506
BA191,4,0.687,0.2778095067216779
BA191,5,0.66,0.29712593362371903
BA191,6,0.677,0.26900214660745436
BA191,7,0.662,0.27177075897540914
BA191,8,0.657,0.26677972046552795
BA192,0,0.678,0.30791657369149683
BA192,1,0.633,0.2453630767115287
BA192,2,0.646,0.2540092739708274
BA192,3,0.699,0.32494326232584975
BA192,4,0.658,0.2666782026247722
BA192,5,0.579,0.1245823751470844
BA192,6,0.672,0.2735143295608792
BA192,7,0.658,0.28146331118874934
BA192,8,0.711,0.3197031673441232
BA198,0,0.67,0.2861776479498864
BA198,1,0.653,0.27533137126127905
BA198,2,0.653,0.2537942590670129
BA198,3,0.647,0.2571047444398794
BA198,4,0.622,0.21090167459276662
BA198,5,0.647,0.2635625251337276
BA198,6,0.669,0.26247518623890953
BA198,7,0.664,0.2921693476638986
BA198,8,0.663,0.2633014413300525
BA200,0,0.474,-0.04964768843613034
BA200,1,0.478,-0.05121241523008757
BA200,2,0.44,-0.10320370196458402
BA200,3,0.427,-0.1005632141689369
BA200,4,0.449,-0.074108581846085
BA200,5,0.442,-0.06730767353496535
BA200,6,0.485,-0.0253409465338484
BA200,7,0.46,-0.03724698609038239
BA200,8,0.8,0.5082985172447388
BA201,0,0.265,-0.3610774246625694
BA201,1,0.289,-0.3246911028631337
BA201,2,0.205,-0.48555098831914056
BA201,3,0.529,0.042246393954965905
BA201,4,0.272,-0.35651254643305313
BA201,5,0.327,-0.2485139058251731
BA201,6,0.377,-0.17063709034616545
BA201,7,0.413,-0.12425661098684429
BA201,8,0.947,1.0635306971891167
BA202,0,0.761,0.4366916497824559
BA202,1,0.696,0.3527700133323105
BA202,2,0.525,0.041457045786554465
BA202,3,0.392,-0.15406723822633436
BA202,4,0.6,0.16755849914653329
BA202,5,0.692,0.3022846812319491
BA202,6,0.342,-0.2682883741713701
BA202,7,0.429,-0.11285075272386982
BA202,8,0.825,0.5869446250673038
BA203,0,0.315,-0.29465678659336936
BA203,1,0.603,0.16765308251298056
BA203,2,0.77,0.4853180834390062
BA203,3,0.522,0.0570759332156374
BA203,4,0.886,0.7485884480597886
BA203,5,0.811,0.6037059255184803
BA203,6,0.379,-0.17889480553676657
BA203,7,0.204,-0.5148957338342665
BA203,8,0.689,0.32492109228594807
BA204,0,0.703,0.3107895652624223
BA204,1,0.716,0.3675896920597227
BA204,2,0.664,0.2810878591830344
BA204,3,0.519,0.03475208065318432
BA204,4,0.408,-0.13038049537388405
BA204,5,0.399,-0.1771399694146715
BA204,6,0.554,0.09727503589681434
BA204,7,0.797,0.47245340138748443
BA204,8,0.864,0.7164170780262602
BA208,0,0.736,0.3653616730581211
BA208,1,0.555,0.07830243855911806
BA208,2,0.726,0.36104923193634403
BA208,3,0.778,0.5223521129508124
BA208,4,0.571,0.12118964822371885
BA208,5,0.476,-0.03834897066571787
BA208,6,0.68,0.31073344638709927
BA208,7,0.676,0.2660761728203899
BA208,8,0.616,0.19174929708444308
BA209,0,0.662,0.28615806550601647
BA209,1,0.64,0.23456905970916148
BA209,2,0.674,0.29544348833227224
BA209,3,0.692,0.3439303194640504
BA209,4,0.652,0.25570096891635197
BA209,5,0.562,0.10323714903488757
BA209,6,0.689,0.318099589511711
BA209,7,0.673,0.2741084951731137
BA209,8,0.684,0.3034303936580821
BA210,0,0.678,0.3146825220916539
BA210,1,0.666,0.28308584735469294
BA210,2,0.646,0.25010421630485935
BA210,3,0.674,0.26956924587732484
BA210,4,0.646,0.2587291024249191
BA210,5,0.656,0.2732978920288801
BA210,6,0.653,0.26697974536639496
BA210,7,0.669,0.2679855884518548
BA210,8,0.647,0.2584135983079517
BA212,0,0.675,0.2919802551396933
BA212,1,0.681,0.298388128612583
BA212,2,0.67,0.2732578150510393
BA212,3,0.688,0.31636173293331316
BA212,4,0.644,0.205741153524506
BA212,5,0.657,0.2710548092288024
BA212,6,0.656,0.2529326671701391
BA212,7,0.686,0.3154662380545127
BA212,8,0.654,0.2835653991528219
BA213,0,0.687,0.277888228355463
BA213,1,0.511,0.009772431257425088
BA213,2,0.798,0.5318173777057619
BA213,3,0.664,0.2891270804732783
BA213,4,0.622,0.1908831417523061
BA213,5,0.532,0.0490294013242043
BA213,6,0.299,-0.3423450309994404
BA213,7,0.396,-0.14621691685612712
BA213,8,0.804,0.5276767543377476
BA217,0,0.664,0.27227418614127613
BA217,1,0.681,0.308441566944498
BA217,2,0.649,0.26528161185019233
BA217,3,0.69,0.2908231529297311
BA217,4,0.679,0.29780972223932806
BA217,5,0.684,0.30530714646861573
BA217,6,0.668,0.27152377211116996
BA217,7,0.66,0.2322576110029085
BA217,8,0.641,0.25028724906402594
BA224,0,0.669,0.2628975925407869
BA224,1,0.673,0.3020085236408296
BA224,2,0.658,0.2754898630996667
BA224,3,0.665,0.2796754451613611
BA224,4,0.66,0.24320383205236346
BA224,5,0.658,0.2649732799048931
BA224,6,0.66,0.2778917597881913
BA224,7,0.634,0.23223138771256926
BA224,8,0.654,0.2481307086956396
BA230,0,0.465,-0.049052458045074285
BA230,1,0.491,-0.020293534442281127
BA230,2,0.476,-0.010996569829906174
BA230,3,0.444,-0.05697744989913772
BA230,4,0.479,-0.0356719326701616
BA230,5,0.468,-0.026880696231702927
BA230,6,0.51,0.005850361964694282
BA230,7,0.519,0.0047337162063922035
BA230,8,0.611,0.1372193115845678
BA236,0,0.431,-0.09162947533400999
BA236,1,0.544,0.050477107449150065
BA236,2,0.875,0.6867401784068282
BA236,3,0.833,0.6872010476197372
BA236,4,0.577,0.1383421749532269
BA236,5,0.449,-0.07530938922932018
BA236,6,0.48,-0.043603625755597834
BA236,7,0.437,-0.11681301807279058
BA236,8,0.625,0.17741171944668327
BA242,0,0.711,0.3537306807293119
BA242,1,0.679,0.31921000358035007
BA242,2,0.666,0.2641556689468574
BA242,3,0.669,0.2814387888539225
BA242,4,0.568,0.12113334054820873
BA242,5,0.639,0.2282572320884927
BA242,6,0.616,0.20274197033915492
BA242,7,0.708,0.3662750087811347
BA242,8,0.684,0.2836148138806343
BA245,0,0.517,0.010463289622158246
BA245,1,0.449,-0.06108283752098661
BA245,2,0.461,-0.06133588242372126
BA245,3,0.457,-0.05512280995188278
BA245,4,0.475,-0.016506766286513153
BA245,5,0.487,-0.02603464106835176
BA245,6,0.504,0.0007088189311229768
BA245,7,0.515,0.007598053735203916
BA245,8,0.641,0.24429107116885712
BA246,0,0.677,0.2800593433666355
BA246,1,0.682,0.2911582708115128
BA246,2,0.657,0.2535434950775091
BA246,3,0.675,0.28817179113677455
BA246,4,0.639,0.22856891564871762
BA246,5,0.673,0.2885855798560659
BA246,6,0.656,0.25131033848949313
BA246,7,0.678,0.27878383804604906
BA246,8,0.682,0.26686166852704235
BA247,0,0.614,0.1997994953482078
BA247,1,0.493,-0.003124054431308425
BA247,2,0.677,0.30944678277403426
BA247,3,0.628,0.2185745552361627
BA247,4,0.386,-0.18066909223254687
BA247,5,0.324,-0.2991341754347667
BA247,6,0.378,-0.1990178359602134
BA247,7,0.363,-0.1886037306979376
BA247,8,0.902,0.8172935412281153
BA249,0,0.489,-0.013590565519294912
BA249,1,0.498,-0.004400015502280625
BA249,2,0.462,-0.043470550950983546
BA249,3,0.481,-0.030579499727466517
BA249,4,0.472,-0.029884561985446003
BA249,5,0.479,-0.028845409752718144
BA249,6,0.478,-0.03112589145093712
BA249,7,0.485,-0.02201625410289947
BA249,8,0.622,0.16024560156899023
BA250,0,0.614,0.1660303715445598
BA250,1,0.662,0.27064434809692484
BA250,2,0.69,0.3109779675923652
BA250,3,0.658,0.27147649892891734
BA250,4,0.697,0.34750876450070484
BA250,5,0.69,0.3135540849677025
BA250,6,0.705,0.3656825621012063
BA250,7,0.649,0.26158226187815964
BA250,8,0.657,0.25730592325534274
BA254,0,0.685,0.3023818741635371
BA254,1,0.635,0.26215920696378253
BA254,2,0.676,0.27834786914216164
BA254,3,0.67,0.2830374977890804
BA254,4,0.637,0.23307603366144827
BA254,5,0.691,0.30184445049450553
BA254,6,0.69,0.3234668965036748
BA254,7,0.698,0.3070671855161242
BA254,8,0.696,0.2951282477420756
BA255,0,0.678,0.26471941695947254
BA255,1,0.663,0.28730165397033713
BA255,2,0.652,0.25303922307143395
BA255,3,0.67,0.2801489483707852
BA255,4,0.677,0.2737575708314343
BA255,5,0.662,0.26105695116686023
BA255,6,0.653,0.266303934281891
BA255,7,0.67,0.2704927323617866
BA255,8,0.661,0.28496175416929553
BA263,0,0.68,0.29299249382836984
BA263,1,0.651,0.28857557974697423
BA263,2,0.667,0.2669719970876907
BA263,3,0.699,0.33596545438487363
BA263,4,0.677,0.2997456386603011
BA263,5,0.612,0.16928559895575737
BA263,6,0.661,0.2641512693438553
BA263,7,0.672,0.2855187621471019
BA263,8,0.681,0.28297863095711856
BA265,0,0.465,-0.03612016534786468
BA265,1,0.465,-0.036839533421231925
BA265,2,0.51,0.01928394604651302
BA265,3,0.517,0.004986600123224569
BA265,4,0.494,-0.01041572774603931
BA265,5,0.485,-0.011726769523381092
BA265,6,0.501,0.0020598406683784327
BA265,7,0.52,0.01888551363754069
BA265,8,0.558,0.0818832107367632
BA273,0,0.751,0.4108039716431919
BA273,1,0.634,0.2243976491605391
BA273,2,0.637,0.24897902240548453
BA273,3,0.635,0.2064540711149721
BA273,4,0.625,0.21898659908093113
BA273,5,0.645,0.2282864857086391
BA273,6,0.619,0.20295208410821985
BA273,7,0.701,0.34180961835779455
BA273,8,0.704,0.33050347411356157
BA276,0,0.37,-0.17218697351775694
BA276,1,0.391,-0.1569228642958231
BA276,2,0.367,-0.21808877521551098
BA276,3,0.956,1.0912959208288338
BA276,4,0.396,-0.13556372559171656
BA276,5,0.419,-0.1302950739338555
BA276,6,0.413,-0.11220027648741218
BA276,7,0.462,-0.08561077368048435
BA276,8,0.366,-0.19862171186445735
BA279,0,0.191,-0.5339866715869201
BA279,1,0.164,-0.5902573020776533
BA279,2,0.616,0.19078595231699813
BA279,3,0.935,0.9803637880431435
BA279,4,0.423,-0.12989521780723992
BA279,5,0.183,-0.5248038696540739
BA279,6,0.571,0.12295965977912021
BA279,7,0.208,-0.49326009376901625
BA279,8,0.89,0.749392565685358
BA280,0,0.682,0.3016311808486475
BA280,1,0.689,0.286779910762874
BA280,2,0.669,0.29617983381733226
BA280,3,0.69,0.30008924335516907
BA280,4,0.673,0.2906488058904218
BA280,5,0.674,0.29247605671471194
BA280,6,0.659,0.259423485966582
BA280,7,0.671,0.25534049362291383
BA280,8,0.676,0.28603809581854717
BA283,0,0.386,-0.17928803318823341
BA283,1,0.59,0.17252642934327167
BA283,2,0.514,0.024323662099820533
BA283,3,0.328,-0.2907019660680585
BA283,4,0.384,-0.20863434149398166
BA283,5,0.324,-0.28070293762269477
BA283,6,0.316,-0.2875104052944047
BA283,7,0.365,-0.19768833455357784
BA283,8,0.943,0.9804910850514537
BA287,0,0.651,0.2366967094983062
BA287,1,0.671,0.26428504436037625
BA287,2,0.693,0.3045866250775569
BA287,3,0.664,0.27337909280766676
BA287,4,0.65,0.2448245951157768
BA287,5,0.679,0.2825288076363293
BA287,6,0.679,0.2659951485549968
BA287,7,0.654,0.25374187818500693
BA287,8,0.681,0.29449768821290373
BA288,0,0.66,0.27099341346463673
BA288,1,0.672,0.3022363954254435
BA288,2,0.683,0.29200663337693933
BA288,3,0.665,0.2687918353614192
BA288,4,0.649,0.25110466473656123
BA288,5,0.659,0.28246043674576293
BA288,6,0.663,0.2633291615207793
BA288,7,0.655,0.263247889277285
BA288,8,0.65,0.26633715374259576
BA291,0,0.68,0.299400195049873
BA291,1,0.668,0.26752107913285705
BA291,2,0.682,0.3007607629115212
BA291,3,0.642,0.2554405285999974
BA291,4,0.644,0.27264052934669486
BA291,5,0.669,0.2809335995142327
BA291,6,0.665,0.26772173571175506
BA291,7,0.647,0.23692009257246538
BA291,8,0.656,0.2764259760354159
BA293,0,0.677,0.3073152716260722
BA293,1,0.673,0.2962021031057129
BA293,2,0.664,0.25661963040242547
BA293,3,0.668,0.2836979730632435
BA293,4,0.672,0.2737770848335114
BA293,5,0.662,0.25678062789215844
BA293,6,0.653,0.24836298428983156
BA293,7,0.666,0.28079793683317616
BA293,8,0.697,0.2947975790678407
BA294,0,0.263,-0.3611539986358797
BA294,1,0.274,-0.36145828708601
BA294,2,0.925,0.9150125431525686
BA294,3,0.317,-0.29372984588540063
BA294,4,0.253,-0.40076532484050664
BA294,5,0.319,-0.2715709077328031
BA294,6,0.346,-0.2139863739701586
BA294,7,0.407,-0.14558025729538976
BA294,8,0.836,0.6224514073659755
BA302,0,0.411,-0.10600858024258597
BA302,1,0.405,-0.10655253867974016
BA302,2,0.898,0.73113224046616
BA302,3,0.701,0.30779655399929395
BA302,4,0.422,-0.12641321156885973
BA302,5,0.476,-0.03904896282007488
BA302,6,0.453,-0.04397964972507092
BA302,7,0.458,-0.0671564162121477
BA302,8,0.344,-0.26966169672513673
BA304,0,0.296,-0.33073617440240555
BA304,1,0.272,-0.39216854919620747
BA304,2,0.784,0.5009198668800071
BA304,3,0.899,0.839945408301318
BA304,4,0.845,0.635264656804679
BA304,5,0.498,0.0034304014402094744
BA304,6,0.466,-0.0550296836886536
BA304,7,0.245,-0.4263117644825416
BA304,8,0.616,0.16112490047576145
BA310,0,0.629,0.24029331876228216
BA310,1,0.628,0.20476007623107054
BA310,2,0.681,0.29059383699070723
BA310,3,0.268,-0.3844755094678325
BA310,4,0.266,-0.3618289860740796
BA310,5,0.554,0.09610139281524364
BA310,6,0.239,-0.4329022750595569
BA310,7,0.463,-0.07114251178620304
BA310,8,0.929,0.925809578944789
BA312,0,0.475,-0.0383297498246487
BA312,1,0.468,-0.013020336441666114
BA312,2,0.443,-0.0931140769171314
BA312,3,0.475,-0.03305633057234988
BA312,4,0.418,-0.1010173228460407
BA312,5,0.484,-0.032420890645938186
BA312,6,0.483,-0.014335170267468517
BA312,7,0.468,-0.03262682517228167
BA312,8,0.705,0.3090533116659444
BA313,0,0.407,-0.12308018510654518
BA313,1,0.441,-0.0789747352302938
BA313,2,0.368,-0.1872174936849519
BA313,3,0.374,-0.19027348831296859
BA313,4,0.409,-0.11981381201681945
BA313,5,0.473,-0.044262254724146584
BA313,6,0.456,-0.05542389798487625
BA313,7,0.463,-0.050267348646448745
BA313,8,0.863,0.6642036075792337
BA315,0,0.445,-0.06814059383468572
BA315,1,0.468,-0.041275284382879224
BA315,2,0.453,-0.07771738844838262
BA315,3,0.443,-0.07973383849452102
BA315,4,0.483,-0.05693318135469636
BA315,5,0.465,-0.042577326543740086
BA315,6,0.511,0.013398768272032922
BA315,7,0.487,-0.027231100545234976
BA315,8,0.737,0.3801240045946385
BA316,0,0.663,0.29341012089535456
BA316,1,0.682,0.3108101380977367
BA316,2,0.653,0.27070656982845487
BA316,3,0.664,0.2929668019146861
BA316,4,0.65,0.24791817567620655
BA316,5,0.68,0.2979377081253618
BA316,6,0.611,0.2249976137910064
BA316,7,0.654,0.22960091584613088
BA316,8,0.666,0.26061323481014914
BA318,0,0.669,0.28257161241105266
BA318,1,0.66,0.2723711519555119
BA318,2,0.702,0.32930308457425944
BA318,3,0.67,0.28391534517086636
BA318,4,0.677,0.26853695818426115
BA318,5,0.696,0.2997997599051817
BA318,6,0.674,0.2952366270266358
BA318,7,0.656,0.23990114059981216
BA318,8,0.656,0.24902033430384993
BA319,0,0.678,0.3020471993905001
BA319,1,0.678,0.2844426173157965
BA319,2,0.687,0.2986364231998196
BA319,3,0.676,0.2819474824659324
BA319,4,0.658,0.2684230891110508
BA319,5,0.636,0.2414077651681073
BA319,6,0.676,0.29564907829940085
BA319,7,0.626,0.24904928128393952
BA319,8,0.649,0.23604957002230964
BA325,0,0.374,-0.18965627268337618
BA325,1,0.86,0.6284647316300365
BA325,2,0.582,0.12292589776150877
BA325,3,0.315,-0.29788689156162407
BA325,4,0.462,-0.05582309036557735
BA325,5,0.415,-0.12242313304711902
BA325,6,0.447,-0.07184364434038268
BA325,7,0.452,-0.055962798374906246
BA325,8,0.742,0.3939563121610232
BA329,0,0.435,-0.09748596965201503
BA329,1,0.44,-0.0927207108988431
BA329,2,0.369,-0.18747646838450996
BA329,3,0.373,-0.1772545710247503
BA329,4,0.415,-0.1286706952060879
BA329,5,0.458,-0.061422289471363425
BA329,6,0.447,-0.06139945124285807
BA329,7,0.475,-0.049639835751285825
BA329,8,0.852,0.6001619812226803
BA331,0,0.677,0.26811063884488306
BA331,1,0.675,0.2831556353019598
BA331,2,0.681,0.2769244513109887
BA331,3,0.683,0.30876538148042565
BA331,4,0.647,0.2614222300461307
BA331,5,0.647,0.2515919151743924
BA331,6,0.633,0.25889537556931363
BA331,7,0.637,0.22431267523232143
BA331,8,0.654,0.24923933894424685
BA333,0,0.704,0.3148886267956902
BA333,1,0.679,0.31608590364777106
BA333,2,0.668,0.2660762894731506
BA333,3,0.684,0.30428034873861504
BA333,4,0.656,0.249001096697557
BA333,5,0.64,0.24172354096524978
BA333,6,0.658,0.2728989294332131
BA333,7,0.656,0.2732232084745578
BA333,8,0.62,0.22784776292689346
BA336,0,0.328,-0.26221102789155054
BA336,1,0.321,-0.2702451472722109
BA336,2,0.291,-0.3537084082013631
BA336,3,0.243,-0.4252827749694122
BA336,4,0.295,-0.321742461671516
BA336,5,0.382,-0.17359150743394652
BA336,6,0.415,-0.12352172660141698
BA336,7,0.427,-0.09762345695527784
BA336,8,0.947,1.0467662007615193
BA339,0,0.709,0.3581210804988522
BA339,1,0.726,0.38562600933627855
BA339,2,0.594,0.16459364671204102
BA339,3,0.521,0.051831796298420246
BA339,4,0.707,0.3768576114506356
BA339,5,0.764,0.5048982031598288
BA339,6,0.608,0.17635016361021597
BA339,7,0.633,0.1938995739134786
BA339,8,0.614,0.18452530109087611
BA340,0,0.652,0.2766301623681866
BA340,1,0.678,0.3029877452955681
BA340,2,0.669,0.29240371644005986
BA340,3,0.672,0.31124005385603803
BA340,4,0.645,0.26332029010923835
BA340,5,0.651,0.26348315507146447
BA340,6,0.676,0.2704633359527283
BA340,7,0.662,0.24780301268821256
BA340,8,0.682,0.2963798963774369
BA345,0,0.654,0.2606623642499849
BA345,1,0.67,0.30205052402493227
BA345,2,0.649,0.284778351103412
BA345,3,0.669,0.3003206517091976
BA345,4,0.644,0.24273973371744403
BA345,5,0.659,0.2695759426640476
BA345,6,0.663,0.26630787902102565
BA345,7,0.651,0.2612959593808252
BA345,8,0.673,0.2859695043885301
BA346,0,0.651,0.25324461495718065
BA346,1,0.662,0.29913173155121453
BA346,2,0.661,0.27883613722094974
BA346,3,0.655,0.2664984874225677
BA346,4,0.652,0.23313214402100996
BA346,5,0.671,0.25704211593307313
BA346,6,0.628,0.20756654768932026
BA346,7,0.672,0.27297169192062276
BA346,8,0.687,0.28663141369521977
BA352,0,0.669,0.2935309808966609
BA352,1,0.677,0.27956510572724924
BA352,2,0.676,0.29479023402167087
BA352,3,0.655,0.2523821670074086
BA352,4,0.648,0.276700834201683
BA352,5,0.676,0.2735073868093412
BA352,6,0.669,0.28378121734491957
BA352,7,0.67,0.2679203085795202
BA352,8,0.639,0.24284926698280287
BA353,0,0.653,0.25948207894813224
BA353,1,0.643,0.2449947022100492
BA353,2,0.685,0.3037139592462367
BA353,3,0.677,0.29810655433937633
BA353,4,0.653,0.24618973755338494
BA353,5,0.646,0.22887160864631945
BA353,6,0.672,0.2880727342113664
BA353,7,0.646,0.2584735088634509
BA353,8,0.646,0.2434127661435849
BA356,0,0.668,0.28382314853653845
BA356,1,0.682,0.2914891872269631
BA356,2,0.676,0.2871792648177888
BA356,3,0.681,0.284104607072942
BA356,4,0.668,0.2694828834734323
BA356,5,0.662,0.26642653028686425
BA356,6,0.649,0.26726239694138293
BA356,7,0.651,0.2513989035416076
BA356,8,0.678,0.28760158368350675
BA358,0,0.671,0.29622793681275056
BA358,1,0.693,0.3201498357438909
BA358,2,0.677,0.30248566095888124
BA358,3,0.675,0.2951899478376426
BA358,4,0.636,0.2650737613599197
BA358,5,0.67,0.2555910016450123
BA358,6,0.669,0.28115984577444614
BA358,7,0.656,0.2757595320131164
BA358,8,0.669,0.264001671871061
BA359,0,0.5,-0.025624561101219925
BA359,1,0.491,0.002659871579443736
BA359,2,0.458,-0.05588844413706071
BA359,3,0.656,0.23051835757012848
BA359,4,0.474,-0.040352731349473536
BA359,5,0.503,0.004901595885515536
BA359,6,0.489,-0.011161815365022618
BA359,7,0.486,-0.024545910456687917
BA359,8,0.409,-0.13985681453490484
BA362,0,0.532,0.05636694205094801
BA362,1,0.682,0.2994629294505179
BA362,2,0.506,-0.005511933940167015
BA362,3,0.599,0.15691657617135518
BA362,4,0.836,0.6163208166961222
BA362,5,0.847,0.649412017216327
BA362,6,0.599,0.17028311998437506
BA362,7,0.3,-0.34020912660533414
BA362,8,0.649,0.23404943606367706
BA366,0,0.475,-0.03238616098246977
BA366,1,0.481,-0.033638345826030217
BA366,2,0.496,0.0009129302359590998
BA366,3,0.508,0.01916772978936472
BA366,4,0.497,-0.0018004790968221855
BA366,5,0.52,0.018206304195025988
BA366,6,0.504,0.015120210264348061
BA366,7,0.47,-0.0404894791075984
BA366,8,0.549,0.07469214833940191
BA369,0,0.319,-0.28342151899279683
BA369,1,0.329,-0.25676499726737584
BA369,2,0.214,-0.4653837166664037
BA369,3,0.218,-0.4375156595853838
BA369,4,0.319,-0.2784426264555022
BA369,5,0.403,-0.15542014514601207
BA369,6,0.395,-0.1502763066131019
BA369,7,0.442,-0.08962692534168708
BA369,8,0.956,1.0879152712881384
BA373,0,0.693,0.27278223543013347
BA373,1,0.652,0.2680971615907575
BA373,2,0.665,0.26045316927307577
BA373,3,0.669,0.28316486551643694
BA373,4,0.634,0.2196846445998329
BA373,5,0.654,0.2724312637580784
BA373,6,0.665,0.29164581366230624
BA373,7,0.659,0.2738298886813577
BA373,8,0.657,0.271610016965671
BA378,0,0.677,0.288835662660925
BA378,1,0.686,0.3180135889998779
BA378,2,0.676,0.28813030606832035
BA378,3,0.646,0.25641197651003106
BA378,4,0.657,0.2454982651018626
BA378,5,0.65,0.2758735859401687
BA378,6,0.671,0.2741389098511143
BA378,7,0.637,0.23526010706178743
BA378,8,0.637,0.24611717414445328
BA380,0,0.651,0.22026353709357882
BA380,1,0.682,0.30316681696169817
BA380,2,0.728,0.3877358347232372
BA380,3,0.683,0.29653189480175896
BA380,4,0.627,0.21432727427835294
BA380,5,0.613,0.1775095138455002
BA380,6,0.699,0.29825381764983516
BA380,7,0.718,0.3518171180890471
BA380,8,0.65,0.23493657380756944
BA381,0,0.408,-0.12205997557796408
BA381,1,0.458,-0.06290705872791182
BA381,2,0.369,-0.1891618855489426
BA381,3,0.443,-0.09529813133569581
BA381,4,0.412,-0.11800850598163115
BA381,5,0.491,-0.01971612842525303
BA381,6,0.423,-0.09175302896515741
BA381,7,0.46,-0.05501046829184802
BA381,8,0.908,0.7624325779178367
BA383,0,0.684,0.300078682695899
BA383,1,0.683,0.29188341232478693
BA383,2,0.652,0.24446511670990737
BA383,3,0.678,0.30181150894149045
BA383,4,0.637,0.22580408862560836
BA383,5,0.672,0.2580074946460795
BA383,6,0.659,0.273602016428322
BA383,7,0.64,0.248604680124291
BA383,8,0.663,0.2596659727647897
BA385,0,0.517,0.017392541855322997
BA385,1,0.291,-0.33968746949745726
BA385,2,0.184,-0.5464593159850798
BA385,3,0.182,-0.552294365560603
BA385,4,0.639,0.23042887435834816
BA385,5,0.769,0.42211617028841525
BA385,6,0.383,-0.17300255125495048
BA385,7,0.446,-0.08642061601542823
BA385,8,0.94,0.9647987119352159
BA389,0,0.69,0.3361949124477342
BA389,1,0.625,0.1906496076839169
BA389,2,0.587,0.13985341096369805
BA389,3,0.828,0.5802903598308358
BA389,4,0.612,0.18479373559396897
BA389,5,0.572,0.08928423468523056
BA389,6,0.559,0.1035426864291802
BA389,7,0.627,0.19503175681566134
BA389,8,0.656,0.26156359971681264
BA392,0,0.34,-0.21279175398283903
BA392,1,0.357,-0.20822465603244425
BA392,2,0.229,-0.43127748825832624
BA392,3,0.262,-0.36640931868372856
BA392,4,0.342,-0.27084417633449964
BA392,5,0.421,-0.10940460131382596
BA392,6,0.421,-0.12677429337076573
BA392,7,0.43,-0.08045958553389683
BA392,8,0.95,1.010897372049272
BA395,0,0.492,-0.016032392950790123
BA395,1,0.475,-0.013626956237807027
BA395,2,0.499,0.0010809466995990934
BA395,3,0.522,0.020032334452494492
BA395,4,0.457,-0.040025516927558284
BA395,5,0.49,-0.007374927164687352
BA395,6,0.519,0.01595527406690112
BA395,7,0.461,-0.026341801757634554
BA395,8,0.578,0.11872184025510274
BA396,0,0.695,0.31158467298493997
BA396,1,0.669,0.2748352391538914
BA396,2,0.672,0.27593636942158595
BA396,3,0.678,0.2897389486105884
BA396,4,0.668,0.23780930583002208
BA396,5,0.68,0.28993711639522063
BA396,6,0.655,0.2611221843477736
BA396,7,0.658,0.26753941681023324
BA396,8,0.669,0.2554499387792878
BA399,0,0.696,0.31638890377755646
BA399,1,0.667,0.29435360175997227
BA399,2,0.705,0.30070531307913995
BA399,3,0.655,0.28039321047314
BA399,4,0.649,0.2520760275145311
BA399,5,0.657,0.28162008521022924
BA399,6,0.66,0.2685959453435677
BA399,7,0.64,0.23070724859451328
BA399,8,0.663,0.2818513515537726
BA402,0,0.445,-0.09512148111385954
BA402,1,0.399,-0.12891453608386694
BA402,2,0.369,-0.19993755514951442
BA402,3,0.355,-0.2226498475728723
BA402,4,0.389,-0.14122647355504014
BA402,5,0.455,-0.07728982185616362
BA402,6,0.458,-0.04040437137339464
BA402,7,0.49,-0.0268917254337685
BA402,8,0.876,0.700226294031303
BA407,0,0.483,-0.010871775602548713
BA407,1,0.61,0.1898187950572775
BA407,2,0.843,0.6821075423185234
BA407,3,0.41,-0.13324681723624335
BA407,4,0.524,0.04273967925396983
BA407,5,0.844,0.6283372225850881
BA407,6,0.726,0.40292654183161736
BA407,7,0.639,0.2609781098449681
BA407,8,0.57,0.11548087559111762
BA416,0,0.677,0.27232595665137393
BA416,1,0.634,0.1920655874152025
BA416,2,0.743,0.3728964878436943
BA416,3,0.638,0.23246911138579202
BA416,4,0.75,0.4441231746549664
BA416,5,0.698,0.32778591688065994
BA416,6,0.558,0.10312076808871293
BA416,7,0.475,-0.027125815643436545
BA416,8,0.702,0.3195117750981311
BA419,0,0.473,-0.05112680949160524
BA419,1,0.512,0.02335644098879832
BA419,2,0.502,0.0036515046158566143
BA419,3,0.498,0.0012329906503728044
BA419,4,0.51,0.018641371275999803
BA419,5,0.5,0.0006350877778403483
BA419,6,0.501,-0.014652348649830439
BA419,7,0.488,0.002030335683382255
BA419,8,0.539,0.059252367872324144
BA423,0,0.669,0.2784263048076309
BA423,1,0.668,0.2844791354949996
BA423,2,0.634,0.232839125834849
BA423,3,0.681,0.2838952392167806
BA423,4,0.663,0.2549997670004358
BA423,5,0.683,0.2976697554469892
BA423,6,0.671,0.268521072096278
BA423,7,0.648,0.2671433264905691
BA423,8,0.659,0.2722260135526363
BA428,0,0.675,0.29195962002998505
BA428,1,0.725,0.3820505670722221
BA428,2,0.674,0.29075587771832395
BA428,3,0.67,0.27566323059815717
BA428,4,0.551,0.09804199584821427
BA428,5,0.63,0.24062959175127352
BA428,6,0.692,0.3018742768915692
BA428,7,0.693,0.3516844327423619
BA428,8,0.68,0.26926776668651736
BA431,0,0.689,0.29576532765605384
BA431,1,0.694,0.29534986800982516
BA431,2,0.658,0.2681906653705862
BA431,3,0.651,0.2464508981617369
BA431,4,0.634,0.2278867164139856
BA431,5,0.619,0.21721589542662587
BA431,6,0.658,0.2607960073367872
BA431,7,0.661,0.28529493892414576
BA431,8,0.645,0.24740866985358848
BA436,0,0.603,0.18177315277868447
BA436,1,0.684,0.2807580601583036
BA436,2,0.223,-0.4638000663858105
BA436,3,0.494,-0.002064167777307674
BA436,4,0.635,0.21864410651114094
BA436,5,0.605,0.17649944020040878
BA436,6,0.391,-0.17699212155258057
BA436,7,0.364,-0.19950902482601304
BA436,8,0.843,0.6068261287754256
BA441,0,0.644,0.24268234698983238
BA441,1,0.683,0.2968502341720229
BA441,2,0.649,0.2651890767400901
BA441,3,0.683,0.26791591915014223
BA441,4,0.705,0.31252877811648944
BA441,5,0.662,0.2570153404873094
BA441,6,0.658,0.2818743416571888
BA441,7,0.652,0.2526374719040934
BA441,8,0.65,0.2570734950135377
BA443,0,0.665,0.26011915682846726
BA443,1,0.677,0.2602610760389241
BA443,2,0.658,0.2664782195567762
BA443,3,0.666,0.30059565288656265
BA443,4,0.651,0.27450482038414836
BA443,5,0.686,0.325529857757385
BA443,6,0.667,0.26290982668252816
BA443,7,0.63,0.23389945835762344
BA443,8,0.654,0.2685307097997611
BA444,0,0.695,0.32326723272259394
BA444,1,0.625,0.2030207019802656
BA444,2,0.665,0.25932540133683896
BA444,3,0.689,0.29476727500649985
BA444,4,0.653,0.24117801085185375
BA444,5,0.636,0.2360449987362134
BA444,6,0.66,0.26534893768187606
BA444,7,0.668,0.2510557156743146
BA444,8,0.675,0.2655409950291434
BA447,0,0.671,0.28959192762539504
BA447,1,0.653,0.24673573202510518
BA447,2,0.682,0.28866355422750445
BA447,3,0.682,0.31871964205668246
BA447,4,0.684,0.29582075429702576
BA447,5,0.67,0.2674022531997253
BA447,6,0.679,0.30160396360740943
BA447,7,0.672,0.2833859769745131
BA447,8,0.629,0.23508998167934914
BA456,0,0.671,0.27846813785957936
BA456,1,0.654,0.255444125895661
BA456,2,0.637,0.22520809868609862
BA456,3,0.684,0.32694068484745464
BA456,4,0.653,0.25358811322736663
BA456,5,0.663,0.2806629581242227
BA456,6,0.669,0.2631529130493943
BA456,7,0.64,0.23765316284246008
BA456,8,0.673,0.272533712393001
BA457,0,0.567,0.11546376103733715
BA457,1,0.627,0.18449510283032566
BA457,2,0.811,0.5649788933056678
BA457,3,0.637,0.2256473651935632
BA457,4,0.599,0.165918142264841
BA457,5,0.621,0.1963445597531941
BA457,6,0.766,0.4819211992777488
BA457,7,0.649,0.24671036242331607
BA457,8,0.647,0.2727279034681807
BA461,0,0.678,0.28970154879815163
BA461,1,0.683,0.2781500658074006
BA461,2,0.66,0.25952139584559875
BA461,3,0.67,0.2718518750918114
BA461,4,0.654,0.258411519679652
BA461,5,0.669,0.2649519492580505
BA461,6,0.655,0.27131086822274864
BA461,7,0.687,0.27811361253583744
BA461,8,0.686,0.31398936294162144
BA466,0,0.587,0.1530814993612149
BA466,1,0.682,0.3062391548069572
BA466,2,0.723,0.4141341065979398
BA466,3,0.637,0.2510015936250013
BA466,4,0.68,0.30321973694759125
BA466,5,0.656,0.2924728151319929
BA466,6,0.573,0.10162381068364745
BA466,7,0.659,0.2635772454230017
BA466,8,0.707,0.34590025477885766
BA468,0,0.7,0.31651805501194546
BA468,1,0.669,0.2843291397040771
BA468,2,0.681,0.2982743055880944
BA468,3,0.665,0.27450086779988686
BA468,4,0.65,0.2670530797592031
BA468,5,0.667,0.27201233957858234
BA468,6,0.655,0.28092505572608506
BA468,7,0.662,0.2618265825484446
BA468,8,0.678,0.28722699641033134
BA471,0,0.622,0.2101276314234649
BA471,1,0.707,0.3220283291515827
BA471,2,0.681,0.288050443295511
BA471,3,0.638,0.212324321468963
BA471,4,0.656,0.266608589048271
BA471,5,0.675,0.2942370169570372
BA471,6,0.701,0.3493957545518945
BA471,7,0.668,0.29132032097716676
BA471,8,0.653,0.24630210965719826
BA474,0,0.353,-0.22631542112965333
BA474,1,0.361,-0.2262839711168017
BA474,2,0.82,0.5751200473176977
BA474,3,0.27,-0.3751875685190498
BA474,4,0.34,-0.2568214436671314
BA474,5,0.392,-0.1602717628305609
BA474,6,0.414,-0.13010026406556308
BA474,7,0.445,-0.0737992181905764
BA474,8,0.836,0.5849662795487454
BA475,0,0.692,0.2999655771275093
BA475,1,0.676,0.2676248463991449
BA475,2,0.669,0.2792717712321734
BA475,3,0.69,0.3193554885806638
BA475,4,0.65,0.2479262473823479
BA475,5,0.643,0.24571748670258003
BA475,6,0.659,0.25077957170506604
BA475,7,0.664,0.2868707060562217
BA475,8,0.681,0.2840636678994451
BA476,0,0.427,-0.08698132317844826
BA476,1,0.484,-0.057666449503716966
BA476,2,0.573,0.09029668914648885
BA476,3,0.417,-0.11995784299850216
BA476,4,0.414,-0.10573400844497376
BA476,5,0.454,-0.05925124174036284
BA476,6,0.468,-0.03130524661457824
BA476,7,0.485,-0.033211124024447376
BA476,8,0.753,0.4086708612975529
BA478,0,0.65,0.2478730903174395
BA478,1,0.67,0.2668110302731881
BA478,2,0.686,0.31534531778780245
BA478,3,0.679,0.32985416906376325
BA478,4,0.657,0.2601634272633104
BA478,5,0.651,0.2389241958703691
BA478,6,0.651,0.2545081647436271
BA478,7,0.672,0.2713545014187599
BA478,8,0.625,0.23004702251710735
BA481,0,0.614,0.178790730552252
BA481,1,0.675,0.2719101135200474
BA481,2,0.691,0.3245449091135263
BA481,3,0.703,0.3449598342019402
BA481,4,0.631,0.23971666254384136
BA481,5,0.651,0.25323465050545707
BA481,6,0.709,0.3649790346472728
BA481,7,0.655,0.24528898857372933
BA481,8,0.633,0.23301114460189332
BA487,0,0.345,-0.22178693853344839
BA487,1,0.36,-0.22204805916418374
BA487,2,0.307,-0.32308331188028033
BA487,3,0.323,-0.296952435920851
BA487,4,0.36,-0.22495519901034713
BA487,5,0.406,-0.11955375313417015
BA487,6,0.452,-0.08610316376633657
BA487,7,0.47,-0.040750515457207925
BA487,8,0.937,0.9185112539101272
BA489,0,0.472,-0.041780878104725146
BA489,1,0.471,-0.03385423329028493
BA489,2,0.467,-0.033338599892694186
BA489,3,0.459,-0.055096860808058395
BA489,4,0.506,0.003649052254115478
BA489,5,0.476,-0.024539867907363642
BA489,6,0.496,-0.0038399069503354225
BA489,7,0.481,-0.035813116351017825
BA489,8,0.622,0.17353634020123263
BA492,0,0.42,-0.10106349678365137
BA492,1,0.629,0.21762954339061996
BA492,2,0.282,-0.3302262351086593
BA492,3,0.444,-0.08612627323139456
BA492,4,0.315,-0.2626911472797429
BA492,5,0.664,0.2560175618967844
BA492,6,0.342,-0.26229784944004453
BA492,7,0.359,-0.21712676368263897
BA492,8,0.953,1.0555692009746345
BA495,0,0.719,0.36690465217940144
BA495,1,0.618,0.20139647666442675
BA495,2,0.686,0.27108877932491815
BA495,3,0.742,0.4061869587293971
BA495,4,0.676,0.2784166504958866
BA495,5,0.578,0.08980961068043529
BA495,6,0.689,0.3176734044068809
BA495,7,0.652,0.21181797593072954
BA495,8,0.674,0.2763159916510893
BA501,0,0.492,-0.0107413340588455
BA501,1,0.47,-0.041450355267131714
BA501,2,0.472,-0.04831399979082725
BA501,3,0.486,-0.03264761204014117
BA501,4,0.445,-0.06300782791641162
BA501,5,0.491,-0.03057463673562748
BA501,6,0.5,-0.0102676682890695
BA501,7,0.537,0.03374843879699297
BA501,8,0.639,0.2205252486530817
BA507,0,0.514,0.019634251821797878
BA507,1,0.677,0.31940481652231895
BA507,2,0.781,0.5167498644489871
BA507,3,0.645,0.249681122438048
BA507,4,0.534,0.06634735377071083
BA507,5,0.496,0.013816303063944092
BA507,6,0.664,0.28212253212283583
BA507,7,0.77,0.45484215352685387
BA507,8,0.705,0.36417007643286564
